,,,,,,,,,,,,,,,,,,,,,,,,,,,,,,
,,,,,,,,,,,AVERAGE GROSS WEEKLY EARNINGS 1997 - 2025,,,,,,,,,,,,,,,,,,,
,,,,,,,,,,,,,,,,,,,,,,,,,,,,,,
,,Median and percentile gross weekly earnings for Adult Full-Time Employees in United Kingdom whose pay for the survey period was not affected by absence,,,,,,,,,,,,,,,,,,,,,,,,,,,,
,,,,,,,,,,,,,,,,,,,,,,,,,,,,,,
 ,,,,,,,,,,,,,,,,,,,,,,,,,,,,,,
,,Adult Male,,,,,,,,,,Adult Female,,,,,,,,,,Male & Female Adult,,,,,,,,
 ,,10%,,25%,,50%,,75%,,90%,,10%,,25%,,50%,,75%,,90%,,10%,,25%,,50%,,75%,,90%
 ,,,,,,,,,,,,,,,,,,,,,,,,,,,,,,
 ,,,,,,,,,,,,,,,,,,,,,,,,,,,,,,
 ,,£,,£,,£,,£,,£,,£,,£,,£,,£,,£,,£,,£,,£,,£,,£
,, , ,,,,, , , , , , ,,,, ,,, , , , ,,,, ,,, 
ANNUAL SURVEY OF HOURS AND EARNINGS,,,,,,,,,,,,,,,,,,,,,,,,,,,,,,
1997,,197.6,,258.8,,356.9,,491.8,,671.8,,152.2,,195.7,,265.2,,375.9,,480.7,,173.4,,228.9,,320.5,,447.1,,600.2
1998,,203.6,,269.1,,372.7,,514.8,,705.9,,159.7,,204.1,,276.5,,390.5,,503.5,,180.6,,238.0,,334.9,,468.3,,635.6
1999,,211.5,,278.4,,383.9,,531.5,,731.7,,168.2,,213.6,,288.5,,408.5,,529.6,,189.3,,248.0,,345.5,,484.5,,660.5
2000,,220.0,,287.9,,397.7,,549.8,,760.1,,174.3,,221.7,,298.1,,422.6,,549.4,,195.8,,256.6,,359.0,,501.8,,685.4
2001,,229.5,,299.6,,415.7,,575.8,,813.3,,183.1,,231.3,,314.3,,449.4,,585.5,,205.0,,268.2,,375.9,,527.8,,731.1
2002,,239.0,,310.2,,430.1,,599.9,,857.5,,192.1,,241.8,,330.7,,474.0,,623.7,,214.4,,279.2,,390.9,,551.8,,767.8
2003,,246.6,,320.3,,444.6,,622.8,,881.9,,201.3,,251.6,,343.0,,490.2,,645.7,,222.7,,288.0,,404.0,,572.6,,794.2
2004exc,,254.5,,333.3,,463.0,,647.8,,916.8,,210.8,,265.3,,360.8,,515.5,,678.8,,231.9,,301.3,,422.8,,595.0,,827.3
See note 1,,,,,,,,,,,,,,,,,,,,,,,,,,,,,,
2004inc,,250.0,,329.4,,460.0,,640.5,,900.7,,209.3,,262.3,,356.7,,510.0,,673.9,,230.3,,298.0,,419.2,,590.6,,814.4
2005,,255.6,,335.4,,471.0,,666.0,,939.1,,217.5,,271.6,,371.4,,532.8,,704.7,,235.4,,305.3,,431.2,,611.6,,850.5
2006exc,,264.9,,347.1,,487.1,,689.9,,985.5,,226.6,,282.8,,385.8,,554.1,,728.5,,244.1,,316.2,,446.4,,632.5,,886.2
See note 1,,,,,,,,,,,,,,,,,,,,,,,,,,,,,,
2006inc,,264.5,,346.0,,484.3,,687.5,,980.5,,226.3,,282.1,,383.3,,550.0,,724.9,,243.8,,315.2,,443.6,,630.5,,881.6
2007,,274.0,,358.0,,498.3,,706.0,,"1,008.1",,233.5,,289.8,,394.8,,565.4,,749.0,,252.9,,325.8,,457.6,,650.5,,907.1
2008,,283.0,,371.5,,522.0,,737.7,,"1,055.5",,241.0,,302.9,,412.4,,590.8,,777.9,,262.2,,338.8,,479.1,,677.9,,950.7
2009,,290.5,,379.1,,531.0,,752.7,,"1,081.5",,250.0,,313.0,,425.8,,612.8,,812.3,,270.3,,347.0,,488.5,,692.5,,971.4
2010,,295.2,,384.3,,537.6,,765.0,,"1,092.4",,255.3,,321.1,,439.0,,628.4,,827.0,,275.7,,354.6,,498.5,,705.3,,986.1
2011,,295.3,,383.3,,538.5,,767.2,,"1,109.5",,258.7,,324.8,,445.1,,633.9,,840.6,,277.6,,355.9,,500.7,,711.0,,"1,002.1"
See note 1,,,,,,,,,,,,,,,,,,,,,,,,,,,,,,
2011,,294.0,,383.1,,538.2,,767.1,,"1,108.6",,257.1,,322.5,,440.0,,626.1,,829.3,,276.2,,354.0,,498.3,,708.4,,998.5
2012,,300.0,,386.8,,546.0,,769.8,,"1,100.3",,262.3,,328.3,,448.9,,638.0,,845.1,,282.1,,360.0,,506.1,,714.8,,"1,001.9"
2013,,306.5,,398.9,,556.2,,789.7,,"1,126.9",,268.3,,334.8,,458.9,,649.6,,853.9,,287.5,,368.1,,517.4,,729.1,,"1,020.0"
2014,,306.6,,400.0,,558.6,,788.5,,"1,125.6",,268.3,,336.7,,461.5,,656.5,,863.4,,287.9,,369.9,,518.3,,733.8,,"1,025.3"
2015,,316.6,,406.8,,567.2,,796.4,,"1,140.3",,276.6,,345.0,,470.2,,665.9,,878.0,,296.1,,378.4,,527.1,,741.6,,"1,034.9"
2016,,328.9,,420.4,,577.5,,815.6,,"1,162.7",,290.0,,354.6,,480.5,,678.1,,901.1,,308.9,,389.2,,538.6,,762.5,,"1,058.8"
2017,,338.5,,430.4,,590.9,,834.3,,"1,191.3",,300.0,,364.1,,493.2,,689.9,,926.2,,318.9,,399.8,,550.0,,774.3,,"1,092.0"
2018,,349.2,,442.3,,608.2,,862.4,,"1,236.1",,311.2,,377.5,,509.0,,711.6,,958.2,,329.8,,412.0,,568.3,,799.5,,"1,126.3"
2019,,365.5,,460.0,,629.2,,881.6,,"1,261.6",,328.1,,392.8,,527.9,,741.0,,989.2,,345.6,,429.0,,585.2,,821.0,,"1,152.8"
2020,,359.0,,453.4,,617.5,,881.6,,"1,269.9",,330.7,,403.5,,543.5,,762.3,,"1,015.5",,345.8,,429.4,,585.7,,828.7,,"1,168.3"
2021,,385.9,,480.0,,651.6,,908.6,,"1,264.2",,353.0,,421.5,,558.1,,773.0,,"1,019.1",,370.3,,454.1,,610.7,,852.4,,"1,169.1"
See note 1,,,,,,,,,,,,,,,,,,,,,,,,,,,,,,
2021,,385.5,,479.4,,650.7,,906.8,,"1,262.8",,353.1,,421.6,,558.5,,772.8,,"1,017.6",,370.1,,453.9,,609.8,,851.2,,"1,167.2"
2022,,416.0,,509.0,,683.2,,945.0,,"1,308.5",,380.5,,424.9,,587.7,,807.2,,"1,059.9",,397.9,,480.8,,641.8,,885.3,,"1,208.8"
2023,,451.6,,548.5,,730.2,,"1,006.2",,"1,391.0",,416.5,,487.8,,632.4,,862.4,,"1,149.9",,433.5,,519.1,,687.0,,945.1,,"1,293.6"
2024,,487.2,,584.8,,774.2,,"1,068.8",,"1,492.8",,451.3,,523.9,,672.5,,906.6,,"1,210.0",,468.4,,555.8,,728.3,,994.9,,"1,378.5"
2025,,513.0,,613.3,,814.6,,"1,131.7",,"1,595.5",,477.2,,552.8,,709.8,,958.2,,"1,294.8",,493.7,,583.5,,766.6,,"1,054.1",,"1,473.5"
,,,,,,,,,,,,,,,,,,,,,,,,,,,,,,
NOTES: ,1,2004s1 survey results exclude supplementary surveys for comparisons with 1997 - 2003,,,,,,,,,,,,,,,,,,,,,,,,,,,,
,,2004 survey results onwards include supplementary surveys for improved coverage.,,,,,,,,,,,,,,,,,,,,,,,,,,,,
,,2006exc does not include the occupational coding tool or changes to the form.,,,,,,,,,,,,,,,,,,,,,,,,,,,,
,,2006inc - 2007 does include the occupational coding tool changes and changes to the ASHE form,,,,,,,,,,,,,,,,,,,,,,,,,,,,
,,2011 data is based on SOC 2000 which is comparable with previous years and SOC 2010* which is comparable with more recent years,,,,,,,,,,,,,,,,,,,,,,,,,,,,
,,LFS data for 2021 and 2022 have been impacted by an issue with the occupation coding using SOC20. Given the use of the 1-digit occupation in the weighting process the ASHE estimates will be subject to further review but the impact is likely to be minimal based on the initial analysis.,,,,,,,,,,,,,,,,,,,,,,,,,,,,
,,,,,,,,,,,,,,,,,,,,,,,,,,,,,,
,,https://www.ons.gov.uk/employmentandlabourmarket/peopleinwork/employmentandemployeetypes/articles/theimpactofmiscodingofoccupationaldatainofficefornationalstatisticssocialsurveysuk/2022-09-26,,,,,,,,,,,,,,,,,,,,,,,,,,,,
,,,,,,,,,,,,,,,,,,,,,,,,,,,,,,
,2,'..' - denotes figure unavailable.,,,,,,,,,,,,,,,,,,,,,,,,,,,,
,,,,,,,,,,,,,,,,,,,,,,,,,,,,,,
,3,For this table the ASHE figures are GB only to allow comparision with the NES.,,,,,,,,,,,,,,,,,,,,,,,,,,,,
,,,,,,,,,,,,,,,,,,,,,,,,,,,,,,
,4,"Source: Annual Survey of Hours and Earnings, ONS. 01633 456120",,,,,,,,,,,,,,,,,,,,,,,,,,,,
,,,,,,,,,,,,,,,,,,,,,,,,,,,,,,
,5,"Comparisons between 2022 and 2023 data should be treated with caution due to methodological changes applied from 2023 onwards that improved how we validate data, particularly for high earners among each occupation",,,,,,,,,,,,,,,,,,,,,,,,,,,,
,,,,,,,,,,,,,,,,,,,,,,,,,,,,,,
,,,,,,,,,,,,,,,,,,,,,,,,,,,,,,
,,,,,,,,,,,,,,,,,,,,,,,,,,,,,,
,,,,,,,,,,,,,,,,,,,,,,,,,,,,,,
,,,,,,,,,,,,,,,,,,,,,,,,,,,,,,
,,,,,,,,,,,,,,,,,,,,,,,,,,,,,,
,,,,,,,,,,,,,,,,,,,,,,,,,,,,,,
,,,,,,,,,,,,,,,,,,,,,,,,,,,,,,
,,,,,,,,,,,,,,,,,,,,,,,,,,,,,,
,,,,,,,,,,,,,,,,,,,,,,,,,,,,,,
,,,,,,,,,,,,,,,,,,,,,,,,,,,,,,
,,,,,,,,,,,,,,,,,,,,,,,,,,,,,,
